sir,bank
lady,camp
soul,wine
manner,speech
nature,dream
spirit,noise
gentleman,suggestion
character,breakfast
joy,tent
youth,dust
duty,cabin
heaven,desert
subject,animal
master,relief
danger,prison
happiness,railroad
fortune,basket
object,chain
dear,waste
bosom,mule
opinion,cotton
honor,deer
fate,corn
occasion,glimpse
brow,noon
sorrow,linen
countenance,bewilderment
devil,clerk
servant,velvet
glory,robe
justice,county
pity,straw
affection,nonsense
influence,childhood
possession,destination
mercy,ward
dignity,curtain
mistress,barrier
despair,gallery
friendship,settlement
judgment,neighbor
acquaintance,disappearance
authority,violence
kindness,lantern
admiration,machinery
wisdom,warmth
conscience,inspection
temper,surgeon
genius,ghost
sin,god
liberty,longing
gloom,crest
triumph,posture
necessity,ambulance
virtue,witch
astonishment,devastation
misery,mound
gratitude,moisture
pardon,basin
conduct,elevator
tenderness,foreground
weakness,battery
thunder,cowboy
remark,goose
scorn,gettin
evil,purse
crown,dome
consideration,architecture
consequence,uncertainty
madam,gypsy
deed,wig
fame,ranch
throne,bicycle
anguish,stairway
ambition,festival
wit,fare
distress,hurricane
sentiment,proximity
goodness,waitress
veil,kin
rank,poem
vengeance,overcoat
foe,sob
indignation,starvation
reward,harbor
wrath,saloon
principle,convention
haste,kettle
sacrifice,vegetable
circumstance,millionaire
oath,drum
disposition,fraternity
messenger,magician
honour,waitin
vanity,buffalo
motive,hostess
praise,motor
solitude,refusal
ruin,herbs
mischief,verdict
inquiry,academy
enjoyment,diversion
majesty,veranda
regard,theme
relation,trailer
assurance,gardener
mankind,salute
farewell,lookout
wretch,missy
dread,crust
jealousy,apparatus
simplicity,distraction
recollection,predicament
consent,strand
ray,ms
apprehension,incarnation
strife,buggy
disgrace,stupidity
woe,pane
multitude,starboard
maiden,ecstasy
blaze,mantel
agitation,firelight
dew,coil
toil,ether
reverence,intuition
misfortune,concession
execution,geography
distinction,countryside
utterance,kerchief
mirth,whisky
objection,velocity
purity,flask
loveliness,mantelpiece
traitor,nickel
zeal,stair
tempest,tellin
remembrance,unhappiness
delicacy,skipper
obedience,arrogance
cruelty,ripple
injustice,outsider
abode,runnin
eloquence,spinster
tumult,burglar
defence,watchin
readiness,revulsion
traveller,omelette
morn,colt
prosperity,mortality
offence,buzzard
morrow,workin
intercourse,standpoint
esteem,miner
monarch,sundown
propriety,ugliness
vigor,sayin
desolation,schoolhouse
malice,spasm
grandeur,twinkle
serpent,gateway
imitation,battalion
inclination,prediction
treachery,finality
superiority,motherhood
prudence,homespun
favour,walkin
savage,flank
torrent,wrapper
attachment,wallpaper
gentleness,indecision
scoundrel,barnyard
extremity,antelope
rapture,cutter
greatness,precedent
wreath,marshal
doctrine,asphalt
constitution,inflammation
merit,plea
discretion,parachute
proportion,sculpture
calamity,shyness
contemplation,confessional
reproach,swimmer
exertion,dreamer
melancholy,breakdown
indulgence,embankment
prejudice,plumbing
treason,hooker
displeasure,stronghold
draught,armful
calmness,drinkin
modesty,grocer
probability,irrigation
declaration,spirituality
coldness,brocade
superstition,exhilaration
neighbourhood,quartermaster
captive,unison
assent,waltz
solemnity,stockade
pledge,villa
fiend,divan
republic,plateau
concealment,stenographer
conquest,glamour
lustre,laddie
firmness,keyhole
fondness,symptom
proofs,eatin
falsehood,sombrero
saviour,palais
nobility,faraway
confederate,breakwater
solicitude,tarpaulin
precipice,subtlety
interference,conditioning
elevation,detention
submission,translator
infancy,marrow
refinement,barricade
gratification,undercurrent
sinner,fella
fidelity,cobwebs
piety,beak
tyranny,boiler
vale,han
affliction,honeysuckle
precaution,wheelbarrow
mortification,homesickness
immortality,blackboard
bower,callin
sentinel,evasion
wickedness,turpentine
pomp,omega
assertion,plaintiff
patriot,maggot
azure,pike
chivalry,jackass
ardor,swine
deliberation,nationality
sufferer,pantomime
flattery,infinity
delirium,savagery
neighbour,devilment
ornament,rectory
benevolence,coronation
mien,rev
discharge,fertility
boon,ore
ruffian,rebuff
obscurity,gymnasium
remedy,ruler
estimation,actuality
habitation,penetration
nobleman,shingle
approbation,advertiser
vexation,corsair
boldness,potency
oar,sho
commerce,vinegar
fortitude,radiator
valor,cryin
extravagance,punctuation
aversion,fireman
refreshment,femininity
repentance,scarecrow
hail,riot
insolence,porthole
magnificence,metamorphosis
bondage,patter
vehemence,brigadier
eminence,heather
shrieks,oyster
gallantry,mausoleum
deportment,horsehair
idleness,hearsay
drapery,leavin
wretchedness,spaciousness
conjecture,solicitor
provision,livestock
deliverance,windowpane
repast,topaz
dominion,gondola
damsel,tinkle
yoke,query
vigilance,sapphire
wont,quart
oppression,toothbrush
edifice,lilacs
impudence,oilcloth
peal,ber
forbearance,fabrication
saith,pard
inconvenience,constellation
orator,chintz
forgetfulness,attractiveness
distrust,tornado
tranquillity,lawlessness
rudeness,spoonful
pretext,hubbub
enchantment,standstill
respectability,inevitability
clime,minuet
conqueror,amethyst
mould,alkali
laurel,possum
cultivation,turbulence
thro,latin
hypocrite,viscount
benefactor,treasurer
felicity,blueness
tread,flute
enmity,coupe
maxim,libel
timidity,neophyte
meanness,trouser
renown,cuckoo
absurdity,jeopardy
matrimony,reindeer
adventurer,diaphragm
intimation,contralto
reproof,pigtail
verdure,bugler
commencement,articulation
isle,joker
ridicule,cobbler
termination,drawbridge
casement,barroom
supposition,projectile
sagacity,crowder
posterity,smuggler
scaffold,postage
discord,potion
preservation,bureaucracy
brood,halo
patronage,lecturer
succor,trinity
spectre,stayin
lash,ant
avail,feud
proverb,saffron
worthy,arrest
sovereign,crocodile
peculiarity,storekeeper
sanctity,impetus
heathen,nostril
dissipation,companionway
impertinence,harpsichord
malady,caper
perusal,informer
possessor,negation
affectation,spontaneity
boast,growl
vivacity,sureness
constancy,grayness
miser,setter
countryman,apotheosis
triumphs,cascade
antiquity,downpour
latitude,anatomy
obstinacy,humorist
sooth,casey
levity,pansy
despondency,quarterdeck
plumage,lunacy
nay,rye
prodigal,thinness
express,faculty
firmament,buckshot
treasury,iceberg
providence,playhouse
plunder,rigidity
fierceness,rightness
pestilence,bloodhound
ingratitude,handmaiden
intoxication,indebtedness
penitence,bludgeon
thankfulness,disfigurement
alteration,heartache
navigation,asparagus
adversity,propeller
remonstrance,devotedness
sceptre,waggin
martyrs,thrift
admittance,manservant
sanction,abduction
tribunal,terrier
strait,heron
inference,sameness
cataract,quinine
impostor,taffeta
fulness,stummick
infamy,kaiser
consummation,youthfulness
wanderer,archery
iniquity,lioness
infirmity,farmyard
mariner,bigness
cavalcade,idealist
magnanimity,somnolence
supplication,extinguisher
revelry,fiancee
plough,spunk
continuance,haberdashery
rashness,duellist
stratagem,horoscope
blasphemy,flotilla
defect,tonic
conveyance,jubilation
caprice,streamer
veneration,mockingbird
singular,autopsy
depravity,deafness
dexterity,mediator
beaux,prance
contrivance,bricklayer
impunity,algebra
vigour,menage
appellation,seersucker
epistle,redeemer
privation,scullery
sacrilege,poignancy
sepulchre,puritanism
bustle,quail
canvass,rostrum
divine,legacy
commonwealth,partisanship
soldiery,clipper
perdition,disfavor
favourite,reprimand
censure,tinder
chambermaid,roundabout
recompense,bowstring
partiality,dilettante
garland,cordon
indiscretion,subservience
meekness,wrecker
slander,turnip
rectitude,senility
knell,crock
moderation,contraction
credulity,stoppage
commendation,decisiveness
abhorrence,plumpness
antipathy,unfairness
contagion,dandelion
soliloquy,reticule
insensibility,supererogation
adieu,lire
idolatry,marigold
omission,workroom
parentage,mandarin
epithet,bowler
insurrection,screwdriver
avowal,franc
preface,occult
indolence,compatriot
weal,faire
baseness,whaleboat
sublimity,mignonette
inhabitant,persimmon
servitude,headboard
exclusion,eruption
oration,corsage
apostle,scepter
avarice,pronoun
diffidence,reconnoiter
observance,socialism
troth,bobbin
subjection,slackness
reformation,proscenium
deliverer,buttress
nightingale,trespasser
confederacy,inwardness
unbelief,licence
lamentation,readjustment
requisition,tumbledown
festivity,oleander
commiseration,thundercloud
purport,chasin
prerogative,tranquility
perfidy,jackal
temerity,bleedin
inducement,machinist
physiognomy,soothsayer
scruple,mallow
insignificance,breathlessness
accession,filigree
brave,jury
correctness,dinnertime
hardihood,everlastin
meridian,parquet
feebleness,dishcloth
converse,caribou
tempter,bondman
weep,fox
unkindness,snowdrift
monarchs,trestle
acquit,qualm
malignity,pharisee
disconsolate,materialist
conformity,backwater
despotism,joviality
parley,garnet
intemperance,materiality
expediency,timepiece
forfeit,enigma
mildness,dumbness
despot,elfin
dispensation,downtrodden
oppressor,lucidity
expedient,doomsday
inconsistency,ruthlessness
raillery,conscript
celerity,songster
avidity,redcoat
veracity,undertow
dale,pic
discernment,bronchitis
penitent,godsend
vindication,stagnation
loiter,briar
worshipper,palmettos
imbecility,doggedness
rill,mot
dupe,tol
unworthiness,organisation
manoeuvre,hugeness
petulance,torturer
inquisition,tourniquet
effusion,viaduct
amity,moire
tribulation,immaturity
cupidity,hatband
haughtiness,portmanteaus
exactness,falchion
harps,newt
detestation,bibliomaniac
solicitation,manipulator
digression,bumblebee
chastisement,alliteration
blockhead,invalidism
incapacity,chicanery
futurity,messmate
concurrence,orderliness
diminution,ostracism
patrimony,sacristy
tradesman,hedgehog
nicety,betta
endeavour,claymore
multiplication,disenchantment
perversion,burlesque
precept,houseful
till,sink
uniformity,blueberry
cognizance,subtraction
specie,gaoler
toleration,moderator
emulation,keystone
repulse,blotch
punctuality,transference
expiation,screamer
moralist,bullfrog
prompt,rabbi
horsemanship,amplification
wantonness,adulteress
sufferance,fecundity
yield,myth
dross,harpy
impartiality,demarcation
disinclination,humanitarianism
barrenness,mutilation
hereafter,trapdoor
handmaid,clapper
dare,urge
benignity,miscellany
waggon,scart
servility,entendre
calumny,typhus
imposture,handspike
delineation,fallibility
impertinent,divergence
malignant,bedchamber
odium,wych
pent,ewe
subordination,conglomeration
sufficiency,motherland
utmost,moose
extenuation,antichrist
gracefulness,nonexistence
hark,hasp
licentiousness,reasonableness
godliness,sourness
canker,hayloft
counterfeit,observatory
usurpation,drumstick
fickleness,herbarium
motley,jingle
instrumentality,punctiliousness
uprightness,candelabrum
parenthesis,highschool
beggary,berlin
enumeration,irradiation
requisite,deduction
partake,scrawl
inquirer,offerin
importation,matchmaker
refutation,brickwork
bursting,freezer
preferment,vivandire
reprobate,consomme
fourscore,consoler
covetousness,chanticleer
rapacity,caitiff
artlessness,pianissimo
bourne,dodgin
inconstancy,housebreaker
oblige,sleet
elucidation,comandante
tarry,stork
subservient,curmudgeon
insufficiency,propagandist
rapine,clement
aggrandizement,expansiveness
begone,scrawls
mitre,frae
didst,tite
mendicant,improvin
emigrant,periwig
resound,cocker
omnipotent,armadillo
forbear,printin
quire,deir
ween,col
bind,grape
casuistry,somewhar
tardy,bran
trample,instep
ope,mc
pendent,dulcimer
cavil,itwas
journeying,raconteur
landholder,bootmaker
wert,wich
athwart,bantam
sophist,goodman
atone,john
wanton,vogue
forsake,lintel
confound,misstep
implore,sickroom
lave,shar
assail,swill
vex,ti
prate,riel
